"","MA","AA","BA","CA","MB","AB","BB","CB","MC","AC","BC","CC","V1"
"1",-1,-1,-1,1,-1,0,0,1,-1,-1,0,1,3
"2",-1,-1,-1,1,-1,1,-1,0,-1,-1,-1,1,1
"3",-1,-1,-1,1,0,-1,0,1,1,0,0,0,2
"4",-1,-1,-1,1,0,1,-1,-1,-1,-1,0,1,1
"5",-1,-1,-1,1,0,1,-1,0,-1,-1,0,1,2
"6",-1,-1,-1,1,0,1,0,0,-1,-1,0,1,1
"7",-1,-1,-1,1,1,-1,-1,1,1,-1,0,1,1
"8",-1,-1,-1,1,1,-1,0,1,1,-1,-1,1,1
"9",-1,-1,-1,1,1,-1,1,-1,1,1,1,-1,2
"10",-1,-1,-1,1,1,-1,1,0,1,-1,1,1,3
"11",-1,-1,-1,1,1,0,0,0,-1,-1,0,1,1
"12",-1,-1,-1,1,1,0,0,0,0,0,1,-1,1
"13",-1,-1,-1,1,1,1,1,-1,1,0,-1,1,1
"14",-1,-1,0,1,-1,0,0,0,-1,-1,1,1,1
"15",-1,-1,0,1,-1,0,0,1,-1,-1,0,1,1
"16",-1,-1,0,1,-1,0,1,-1,-1,1,1,-1,1
"17",-1,-1,0,1,-1,1,-1,-1,-1,-1,-1,1,1
"18",-1,-1,0,1,-1,1,0,-1,1,0,0,0,1
"19",-1,-1,0,1,-1,1,0,0,-1,-1,-1,1,2
"20",-1,-1,0,1,-1,1,0,0,-1,-1,0,1,1
"21",-1,-1,0,1,-1,1,1,-1,-1,1,1,-1,3
"22",-1,-1,0,1,-1,1,1,-1,1,0,0,0,1
"23",-1,-1,0,1,-1,1,1,0,1,-1,0,1,1
"24",-1,-1,0,1,-1,1,1,0,1,-1,1,1,1
"25",-1,-1,0,1,0,-1,0,1,-1,-1,0,1,1
"26",-1,-1,0,1,0,0,-1,0,-1,-1,0,1,4
"27",-1,-1,0,1,0,0,-1,0,-1,-1,1,1,1
"28",-1,-1,0,1,0,0,-1,1,-1,-1,0,1,3
"29",-1,-1,0,1,0,0,0,0,-1,-1,0,1,19
"30",-1,-1,0,1,0,0,0,1,-1,-1,0,1,4
"31",-1,-1,0,1,0,0,0,1,-1,-1,1,1,1
"32",-1,-1,0,1,0,0,1,-1,-1,-1,1,-1,1
"33",-1,-1,0,1,0,0,1,-1,-1,0,1,-1,1
"34",-1,-1,0,1,0,0,1,-1,-1,1,1,-1,1
"35",-1,-1,0,1,0,0,1,0,-1,-1,0,1,4
"36",-1,-1,0,1,0,1,-1,-1,-1,-1,-1,1,6
"37",-1,-1,0,1,0,1,-1,-1,1,0,0,0,1
"38",-1,-1,0,1,0,1,-1,0,-1,-1,0,1,1
"39",-1,-1,0,1,0,1,0,-1,1,0,0,0,8
"40",-1,-1,0,1,0,1,0,0,-1,-1,0,1,7
"41",-1,-1,0,1,0,1,1,-1,-1,1,1,-1,1
"42",-1,-1,0,1,0,1,1,-1,1,0,-1,0,1
"43",-1,-1,0,1,0,1,1,-1,1,0,0,0,3
"44",-1,-1,0,1,1,-1,0,1,1,-1,-1,1,3
"45",-1,-1,0,1,1,-1,1,0,-1,1,1,-1,2
"46",-1,-1,0,1,1,-1,1,1,-1,1,1,-1,2
"47",-1,-1,0,1,1,0,-1,0,-1,-1,1,1,1
"48",-1,-1,0,1,1,0,0,0,-1,-1,0,1,2
"49",-1,-1,0,1,1,0,0,1,-1,-1,0,1,1
"50",-1,-1,0,1,1,0,1,-1,-1,1,1,-1,1
"51",-1,-1,0,1,1,1,1,-1,1,0,0,0,2
"52",-1,-1,1,-1,-1,0,0,1,1,0,0,0,1
"53",-1,-1,1,-1,-1,1,-1,1,0,-1,-1,1,1
"54",-1,-1,1,-1,-1,1,-1,1,1,1,-1,1,1
"55",-1,-1,1,-1,0,-1,1,-1,1,-1,-1,0,1
"56",-1,-1,1,-1,0,0,1,0,-1,1,-1,1,13
"57",-1,-1,1,-1,0,0,1,1,-1,1,-1,1,1
"58",-1,-1,1,-1,0,1,-1,1,-1,1,-1,1,1
"59",-1,-1,1,-1,0,1,0,1,-1,1,-1,1,6
"60",-1,-1,1,-1,0,1,1,0,-1,1,-1,1,2
"61",-1,-1,1,-1,0,1,1,1,-1,1,-1,1,1
"62",-1,-1,1,-1,1,-1,-1,1,-1,-1,1,1,1
"63",-1,-1,1,-1,1,-1,-1,1,0,-1,1,1,1
"64",-1,-1,1,-1,1,-1,0,1,-1,-1,1,1,2
"65",-1,-1,1,-1,1,-1,0,1,0,-1,1,1,2
"66",-1,-1,1,-1,1,-1,1,-1,-1,-1,1,0,1
"67",-1,-1,1,-1,1,0,0,0,0,1,-1,1,2
"68",-1,-1,1,-1,1,0,1,-1,1,1,-1,-1,3
"69",-1,-1,1,-1,1,1,-1,1,1,-1,0,0,2
"70",-1,-1,1,0,0,-1,1,-1,1,-1,-1,0,1
"71",-1,-1,1,0,0,-1,1,-1,1,-1,1,0,2
"72",-1,-1,1,0,0,-1,1,-1,1,0,-1,0,2
"73",-1,-1,1,0,0,-1,1,-1,1,0,0,0,1
"74",-1,-1,1,0,1,-1,1,-1,-1,-1,1,0,4
"75",-1,-1,1,0,1,0,0,0,0,1,-1,0,4
"76",-1,-1,1,0,1,0,0,0,1,-1,1,1,8
"77",-1,-1,1,1,-1,-1,1,1,0,-1,1,0,1
"78",-1,-1,1,1,-1,1,-1,0,1,-1,1,1,3
"79",-1,-1,1,1,-1,1,0,-1,1,-1,-1,1,1
"80",-1,-1,1,1,-1,1,0,-1,1,-1,0,1,4
"81",-1,-1,1,1,-1,1,0,-1,1,0,-1,1,2
"82",-1,-1,1,1,-1,1,0,-1,1,0,0,0,1
"83",-1,-1,1,1,-1,1,0,0,1,-1,1,1,2
"84",-1,-1,1,1,-1,1,1,-1,1,0,-1,1,2
"85",-1,-1,1,1,-1,1,1,0,1,-1,0,1,4
"86",-1,-1,1,1,0,-1,1,-1,1,-1,0,0,1
"87",-1,-1,1,1,0,-1,1,-1,1,-1,1,0,2
"88",-1,-1,1,1,0,-1,1,1,-1,-1,1,0,1
"89",-1,-1,1,1,0,-1,1,1,0,-1,1,0,2
"90",-1,-1,1,1,0,-1,1,1,0,-1,1,1,1
"91",-1,-1,1,1,0,0,-1,1,-1,-1,1,1,4
"92",-1,-1,1,1,0,1,0,-1,1,0,0,0,1
"93",-1,-1,1,1,1,-1,1,-1,1,-1,1,0,1
"94",-1,-1,1,1,1,-1,1,0,1,-1,1,1,2
"95",-1,-1,1,1,1,-1,1,1,1,-1,1,1,1
"96",-1,-1,1,1,1,0,0,0,0,1,-1,-1,4
"97",-1,-1,1,1,1,0,0,0,1,1,-1,0,1
"98",-1,0,-1,1,-1,-1,-1,1,1,-1,1,-1,1
"99",-1,0,-1,1,-1,-1,-1,1,1,-1,1,0,1
"100",-1,0,-1,1,-1,-1,0,1,0,1,-1,0,2
"101",-1,0,-1,1,-1,-1,0,1,1,0,0,0,1
"102",-1,0,-1,1,-1,-1,1,-1,-1,-1,1,-1,1
"103",-1,0,-1,1,-1,1,-1,0,-1,-1,-1,1,4
"104",-1,0,-1,1,0,-1,-1,1,1,0,0,0,1
"105",-1,0,-1,1,0,-1,0,1,-1,1,-1,0,2
"106",-1,0,-1,1,0,-1,0,1,0,1,-1,1,1
"107",-1,0,-1,1,0,-1,0,1,1,0,0,0,9
"108",-1,0,-1,1,0,-1,1,-1,-1,0,1,-1,1
"109",-1,0,-1,1,0,0,1,-1,-1,-1,1,-1,2
"110",-1,0,-1,1,0,0,1,-1,-1,0,1,-1,1
"111",-1,0,-1,1,0,1,-1,-1,-1,-1,-1,1,2
"112",-1,0,-1,1,1,-1,0,0,0,-1,-1,1,1
"113",-1,0,-1,1,1,-1,0,1,1,0,0,0,3
"114",-1,0,-1,1,1,-1,1,-1,-1,0,1,-1,1
"115",-1,0,-1,1,1,-1,1,0,0,0,1,1,1
"116",-1,0,-1,1,1,0,-1,0,-1,0,1,0,1
"117",-1,0,-1,1,1,0,0,0,-1,-1,1,0,1
"118",-1,0,-1,1,1,0,0,0,0,-1,1,0,2
"119",-1,0,-1,1,1,0,1,-1,-1,0,1,-1,1
"121",-1,0,-1,1,1,0,1,-1,0,0,1,-1,4
"122",-1,0,-1,1,1,0,1,-1,1,0,1,0,1
"123",-1,0,-1,1,1,0,1,-1,1,1,1,0,1
"124",-1,0,-1,1,1,1,-1,0,1,-1,-1,1,1
"125",-1,0,-1,1,1,1,1,-1,-1,1,1,-1,1
"126",-1,0,-1,1,1,1,1,-1,0,-1,1,0,1
"127",-1,0,-1,1,1,1,1,-1,1,0,-1,1,1
"128",-1,0,0,0,-1,1,1,-1,-1,1,1,-1,1
"129",-1,0,0,1,-1,-1,0,1,-1,-1,1,1,5
"130",-1,0,0,1,-1,-1,0,1,0,-1,1,1,1
"131",-1,0,0,1,-1,-1,0,1,0,1,-1,1,1
"132",-1,0,0,1,-1,-1,1,1,-1,-1,1,1,5
"133",-1,0,0,1,-1,1,-1,0,-1,-1,-1,1,3
"134",-1,0,0,1,0,-1,-1,1,-1,-1,1,1,1
"135",-1,0,0,1,0,-1,0,1,-1,-1,1,1,1
"136",-1,0,0,1,0,-1,0,1,-1,1,-1,0,4
"137",-1,0,0,1,0,-1,0,1,-1,1,-1,1,5
"138",-1,0,0,1,0,-1,0,1,-1,1,0,0,10
"139",-1,0,0,1,0,-1,0,1,0,1,-1,0,4
"140",-1,0,0,1,0,-1,0,1,0,1,-1,1,12
"141",-1,0,0,1,0,-1,0,1,1,0,0,0,5
"142",-1,0,0,1,0,-1,1,1,0,1,-1,0,1
"143",-1,0,0,1,0,-1,1,1,0,1,-1,1,1
"144",-1,0,0,1,0,-1,1,1,1,0,0,0,7
"145",-1,0,0,1,0,1,0,-1,1,0,0,0,53
"146",-1,0,0,1,0,1,1,-1,1,0,0,0,21
"147",-1,0,0,1,1,-1,-1,1,1,-1,-1,1,1
"148",-1,0,0,1,1,-1,0,0,0,-1,-1,1,2
"149",-1,0,0,1,1,-1,0,1,0,1,-1,0,1
"150",-1,0,0,1,1,-1,0,1,1,-1,-1,1,9
"151",-1,0,0,1,1,-1,0,1,1,0,0,0,2
"152",-1,0,1,-1,-1,0,0,1,1,0,0,0,5
"153",-1,0,1,-1,-1,1,1,-1,-1,1,1,-1,2
"154",-1,0,1,-1,0,-1,0,1,1,1,0,0,2
"155",-1,0,1,-1,0,-1,1,-1,1,-1,0,0,3
"156",-1,0,1,-1,0,-1,1,-1,1,0,-1,0,10
"157",-1,0,1,-1,0,-1,1,-1,1,0,0,0,6
"158",-1,0,1,-1,0,-1,1,-1,1,1,-1,0,3
"159",-1,0,1,-1,0,0,-1,1,1,0,0,0,7
"160",-1,0,1,-1,0,0,0,1,1,0,0,0,4
"161",-1,0,1,-1,1,0,-1,0,1,-1,1,0,5
"162",-1,0,1,-1,1,0,0,0,-1,0,1,0,5
"163",-1,0,1,-1,1,0,0,0,0,-1,1,1,3
"164",-1,0,1,-1,1,1,1,-1,1,1,-1,-1,1
"165",-1,0,1,0,0,-1,1,-1,1,-1,-1,0,5
"166",-1,0,1,0,0,-1,1,-1,1,-1,0,0,4
"167",-1,0,1,0,0,-1,1,-1,1,0,-1,0,8
"168",-1,0,1,0,0,-1,1,-1,1,0,-1,1,3
"169",-1,0,1,0,0,-1,1,-1,1,0,0,0,13
"170",-1,0,1,0,0,-1,1,-1,1,0,1,0,4
"171",-1,0,1,0,1,-1,1,-1,1,-1,-1,0,2
"172",-1,0,1,0,1,-1,1,-1,1,-1,-1,1,1
"173",-1,0,1,0,1,-1,1,-1,1,0,-1,1,3
"174",-1,0,1,0,1,-1,1,-1,1,0,0,0,3
"175",-1,0,1,0,1,0,0,-1,0,1,-1,0,2
"176",-1,0,1,0,1,0,0,0,0,-1,1,1,7
"177",-1,0,1,0,1,0,0,0,0,1,-1,-1,3
"178",-1,0,1,0,1,0,0,0,0,1,-1,0,49
"179",-1,0,1,0,1,0,0,0,0,1,-1,1,23
"180",-1,0,1,0,1,0,0,0,1,-1,1,1,6
"181",-1,0,1,0,1,0,0,0,1,1,-1,0,3
"182",-1,0,1,0,1,0,1,0,0,1,-1,0,1
"183",-1,0,1,1,-1,-1,0,1,-1,-1,1,1,3
"184",-1,0,1,1,-1,-1,1,1,-1,-1,1,0,3
"185",-1,0,1,1,-1,-1,1,1,0,-1,1,0,1
"186",-1,0,1,1,-1,0,0,1,-1,-1,0,1,2
"187",-1,0,1,1,-1,1,-1,-1,1,-1,-1,1,1
"188",-1,0,1,1,-1,1,1,-1,-1,1,1,-1,1
"189",-1,0,1,1,0,-1,0,1,-1,-1,1,1,6
"190",-1,0,1,1,0,-1,0,1,0,-1,1,1,4
"191",-1,0,1,1,0,-1,1,-1,1,-1,-1,0,1
"192",-1,0,1,1,0,-1,1,1,-1,-1,1,0,7
"193",-1,0,1,1,0,-1,1,1,-1,-1,1,1,2
"194",-1,0,1,1,0,-1,1,1,0,-1,1,0,10
"195",-1,0,1,1,0,-1,1,1,0,-1,1,1,1
"196",-1,0,1,1,0,-1,1,1,0,1,0,-1,1
"197",-1,0,1,1,0,-1,1,1,0,1,0,0,1
"198",-1,0,1,1,0,0,0,0,-1,-1,0,1,1
"199",-1,0,1,1,0,0,0,1,-1,-1,0,1,2
"200",-1,0,1,1,0,1,-1,-1,1,-1,-1,1,2
"201",-1,0,1,1,1,-1,1,1,-1,1,0,0,1
"202",-1,0,1,1,1,1,0,-1,1,-1,0,1,1
"203",-1,1,-1,-1,-1,0,-1,1,-1,1,0,-1,2
"204",-1,1,-1,-1,-1,0,0,1,0,1,1,-1,3
"205",-1,1,-1,-1,-1,1,-1,0,-1,0,1,-1,1
"206",-1,1,-1,-1,-1,1,0,-1,-1,-1,1,-1,1
"208",-1,1,-1,-1,-1,1,0,0,-1,-1,1,-1,1
"209",-1,1,-1,-1,1,1,-1,0,-1,1,1,-1,3
"210",-1,1,-1,1,-1,-1,0,1,-1,-1,1,1,1
"211",-1,1,-1,1,-1,0,-1,1,-1,1,-1,1,1
"212",-1,1,-1,1,-1,0,-1,1,0,0,-1,1,4
"213",-1,1,-1,1,-1,0,-1,1,1,-1,-1,1,1
"214",-1,1,-1,1,-1,0,-1,1,1,-1,0,1,2
"215",-1,1,-1,1,-1,0,-1,1,1,0,-1,1,1
"216",-1,1,-1,1,-1,0,0,1,-1,1,-1,0,2
"218",-1,1,-1,1,-1,0,0,1,0,-1,1,1,2
"219",-1,1,-1,1,-1,0,0,1,1,-1,0,1,3
"220",-1,1,-1,1,-1,1,-1,-1,1,0,-1,1,1
"221",-1,1,-1,1,-1,1,-1,0,-1,1,-1,-1,1
"222",-1,1,-1,1,-1,1,-1,0,-1,1,0,-1,1
"223",-1,1,-1,1,-1,1,-1,0,-1,1,1,-1,1
"224",-1,1,-1,1,-1,1,-1,0,0,1,0,-1,1
"225",-1,1,-1,1,-1,1,-1,1,-1,1,0,-1,1
"226",-1,1,-1,1,-1,1,-1,1,0,0,-1,1,1
"228",-1,1,-1,1,-1,1,-1,1,0,1,1,-1,2
"229",-1,1,-1,1,-1,1,-1,1,1,-1,0,1,1
"230",-1,1,-1,1,-1,1,-1,1,1,0,-1,1,3
"231",-1,1,-1,1,-1,1,0,1,-1,1,-1,-1,2
"233",-1,1,-1,1,-1,1,0,1,-1,1,0,-1,1
"234",-1,1,-1,1,-1,1,0,1,-1,1,0,0,3
"235",-1,1,-1,1,-1,1,0,1,1,-1,0,1,1
"236",-1,1,-1,1,-1,1,1,1,-1,1,-1,1,1
"237",-1,1,-1,1,0,-1,1,-1,-1,-1,1,-1,2
"238",-1,1,-1,1,0,0,-1,1,1,-1,-1,1,3
"239",-1,1,-1,1,0,0,-1,1,1,-1,0,1,3
"240",-1,1,-1,1,0,0,0,1,1,-1,0,1,1
"241",-1,1,-1,1,0,0,1,-1,-1,0,1,-1,1
"242",-1,1,-1,1,0,1,-1,-1,1,0,-1,1,1
"243",-1,1,-1,1,0,1,-1,1,1,-1,0,1,1
"244",-1,1,-1,1,0,1,-1,1,1,0,-1,1,4
"245",-1,1,-1,1,0,1,1,-1,-1,-1,1,-1,1
"246",-1,1,-1,1,1,-1,1,0,0,-1,1,1,1
"247",-1,1,-1,1,1,-1,1,0,0,0,1,1,1
"248",-1,1,-1,1,1,-1,1,0,1,-1,1,-1,1
"249",-1,1,-1,1,1,-1,1,0,1,0,1,-1,2
"250",-1,1,-1,1,1,0,-1,1,1,-1,-1,1,1
"251",-1,1,-1,1,1,0,-1,1,1,-1,0,1,1
"252",-1,1,-1,1,1,0,0,0,-1,0,1,0,1
"253",-1,1,-1,1,1,0,0,0,1,0,1,0,4
"254",-1,1,-1,1,1,0,0,1,1,-1,0,1,1
"255",-1,1,-1,1,1,0,1,0,1,0,1,0,1
"256",-1,1,-1,1,1,1,-1,-1,1,0,-1,1,2
"257",-1,1,-1,1,1,1,-1,-1,1,1,-1,1,1
"258",-1,1,-1,1,1,1,-1,1,1,-1,0,1,1
"259",-1,1,-1,1,1,1,-1,1,1,0,-1,1,1
"260",-1,1,-1,1,1,1,1,-1,-1,0,1,-1,1
"261",-1,1,-1,1,1,1,1,-1,-1,1,1,-1,1
"262",-1,1,0,-1,-1,1,-1,-1,-1,-1,1,-1,1
"263",-1,1,0,-1,-1,1,-1,0,-1,0,1,-1,6
"264",-1,1,0,-1,-1,1,0,-1,-1,-1,1,-1,5
"265",-1,1,0,-1,-1,1,0,-1,-1,0,1,-1,1
"266",-1,1,0,-1,-1,1,0,-1,-1,1,1,-1,1
"267",-1,1,0,-1,-1,1,0,0,-1,-1,1,-1,1
"268",-1,1,0,-1,-1,1,0,0,-1,0,1,-1,3
"269",-1,1,0,-1,-1,1,1,-1,-1,0,1,-1,1
"270",-1,1,0,-1,-1,1,1,-1,-1,1,1,-1,1
"271",-1,1,0,-1,0,1,-1,-1,-1,0,1,-1,1
"272",-1,1,0,-1,0,1,-1,-1,-1,1,1,-1,2
"273",-1,1,0,-1,0,1,-1,0,-1,0,1,-1,9
"274",-1,1,0,-1,0,1,-1,1,-1,0,1,-1,1
"275",-1,1,0,0,-1,1,1,-1,-1,1,1,-1,1
"276",-1,1,1,-1,-1,-1,1,1,0,1,-1,-1,1
"277",-1,1,1,-1,-1,0,0,1,-1,1,1,-1,1
"278",-1,1,1,-1,-1,1,-1,-1,-1,0,1,-1,1
"279",-1,1,1,-1,-1,1,-1,-1,-1,1,1,-1,1
"280",-1,1,1,-1,-1,1,-1,0,-1,0,1,-1,1
"281",-1,1,1,-1,-1,1,0,-1,-1,0,1,-1,2
"283",-1,1,1,-1,-1,1,0,0,-1,0,1,-1,3
"284",-1,1,1,-1,0,-1,0,1,1,-1,0,0,1
"285",-1,1,1,-1,0,-1,1,1,-1,1,-1,-1,1
"286",-1,1,1,-1,0,-1,1,1,1,1,-1,-1,1
"287",-1,1,1,-1,0,0,-1,1,1,0,0,0,8
"288",-1,1,1,-1,0,0,0,1,1,-1,0,0,1
"289",-1,1,1,-1,0,0,0,1,1,0,0,0,5
"290",-1,1,1,-1,0,0,1,1,1,0,0,0,1
"291",-1,1,1,-1,1,0,-1,0,1,-1,1,0,1
"292",-1,1,1,-1,1,0,-1,1,1,-1,-1,1,2
"293",-1,1,1,-1,1,0,0,0,-1,0,1,0,1
"294",-1,1,1,-1,1,0,0,1,1,-1,0,0,3
"295",-1,1,1,-1,1,0,1,-1,1,-1,1,-1,1
"296",-1,1,1,-1,1,0,1,-1,1,0,1,-1,3
"297",-1,1,1,-1,1,1,0,0,-1,0,1,0,1
"298",-1,1,1,-1,1,1,1,-1,1,0,1,-1,1
"299",-1,1,1,0,1,0,0,0,0,1,-1,0,5
"300",-1,1,1,0,1,0,1,0,0,1,-1,1,1
"301",-1,1,1,1,0,-1,-1,1,-1,-1,1,1,1
"302",-1,1,1,1,0,-1,0,1,0,-1,1,1,2
"303",-1,1,1,1,0,-1,1,1,-1,-1,1,1,1
"304",-1,1,1,1,0,0,1,-1,-1,0,1,-1,3
"305",-1,1,1,1,0,0,1,-1,-1,1,1,-1,3
"306",-1,1,1,1,1,-1,1,-1,0,0,1,-1,1
"307",-1,1,1,1,1,0,1,-1,-1,0,1,-1,1
"308",-1,1,1,1,1,0,1,-1,-1,1,1,-1,2
"309",-1,1,1,1,1,0,1,-1,-1,1,1,0,1
"310",-1,1,1,1,1,0,1,-1,0,0,1,-1,1
"311",0,-1,-1,1,-1,-1,-1,1,1,-1,1,1,1
"312",0,-1,-1,1,0,1,1,-1,1,0,-1,0,3
"313",0,-1,-1,1,1,-1,1,-1,1,1,1,0,2
"314",0,-1,-1,1,1,-1,1,-1,1,1,1,1,1
"315",0,-1,-1,1,1,-1,1,0,0,0,1,1,3
"316",0,-1,-1,1,1,-1,1,0,1,-1,1,1,3
"317",0,-1,-1,1,1,-1,1,0,1,0,1,1,1
"318",0,-1,-1,1,1,-1,1,1,1,0,1,1,3
"319",0,-1,-1,1,1,0,1,-1,1,1,1,0,7
"320",0,-1,-1,1,1,1,1,-1,1,0,-1,0,1
"322",0,-1,0,1,-1,1,1,-1,1,0,-1,0,2
"324",0,-1,0,1,0,1,0,-1,1,0,0,0,22
"325",0,-1,0,1,0,1,1,-1,1,0,-1,0,4
"326",0,-1,0,1,0,1,1,-1,1,0,0,0,30
"327",0,-1,0,1,1,1,1,-1,1,0,-1,0,1
"328",0,-1,1,-1,-1,1,-1,1,1,-1,0,0,3
"329",0,-1,1,-1,0,-1,-1,1,1,1,0,0,1
"330",0,-1,1,-1,0,0,0,1,1,0,0,0,5
"331",0,-1,1,-1,0,1,-1,1,1,-1,0,0,2
"332",0,-1,1,-1,1,0,0,0,0,1,-1,0,1
"333",0,-1,1,-1,1,0,0,0,0,1,-1,1,10
"334",0,-1,1,-1,1,0,0,0,1,1,-1,1,1
"335",0,-1,1,-1,1,0,1,-1,1,1,-1,-1,1
"336",0,-1,1,-1,1,1,-1,1,1,-1,0,0,1
"337",0,-1,1,0,1,-1,0,0,0,1,-1,1,1
"338",0,-1,1,0,1,0,0,-1,0,1,-1,0,1
"339",0,-1,1,0,1,0,0,-1,1,1,-1,0,1
"342",0,-1,1,0,1,0,0,0,0,1,-1,-1,1
"343",0,-1,1,0,1,0,0,0,0,1,-1,0,24
"344",0,-1,1,0,1,0,0,0,0,1,-1,1,23
"345",0,-1,1,0,1,0,0,0,1,1,-1,1,4
"346",0,-1,1,1,-1,1,-1,-1,1,0,0,0,1
"347",0,-1,1,1,-1,1,-1,0,1,-1,1,1,3
"348",0,-1,1,1,-1,1,0,-1,1,0,-1,1,1
"349",0,-1,1,1,-1,1,0,-1,1,0,0,0,1
"350",0,-1,1,1,-1,1,0,0,1,-1,1,1,1
"351",0,-1,1,1,-1,1,1,-1,1,-1,1,1,1
"352",0,-1,1,1,-1,1,1,-1,1,0,-1,0,1
"353",0,-1,1,1,-1,1,1,0,1,-1,1,1,2
"354",0,-1,1,1,0,-1,1,1,0,1,0,0,7
"355",0,-1,1,1,0,1,0,-1,1,-1,0,1,3
"356",0,-1,1,1,0,1,0,-1,1,0,0,0,4
"357",0,-1,1,1,1,0,0,-1,0,1,-1,0,1
"358",0,-1,1,1,1,0,0,0,-1,1,-1,-1,1
"359",0,-1,1,1,1,0,0,0,0,1,-1,-1,4
"360",0,-1,1,1,1,0,0,0,0,1,-1,0,9
"361",0,-1,1,1,1,0,0,0,0,1,-1,1,5
"362",0,-1,1,1,1,0,0,0,1,1,-1,0,2
"363",0,-1,1,1,1,1,0,-1,1,-1,0,1,1
"365",0,0,-1,1,-1,-1,0,1,1,-1,0,0,1
"367",0,0,-1,1,-1,-1,0,1,1,0,1,0,1
"369",0,0,-1,1,-1,0,0,1,-1,0,1,1,5
"370",0,0,-1,1,-1,0,0,1,-1,1,1,0,1
"372",0,0,-1,1,-1,0,0,1,0,0,1,0,13
"373",0,0,-1,1,-1,0,0,1,0,1,1,0,1
"374",0,0,-1,1,0,-1,0,1,1,0,0,0,5
"375",0,0,-1,1,0,-1,1,-1,-1,-1,1,-1,1
"376",0,0,-1,1,0,-1,1,-1,-1,0,1,-1,1
"377",0,0,-1,1,0,-1,1,1,1,0,0,0,2
"378",0,0,-1,1,0,0,1,-1,-1,-1,1,-1,4
"379",0,0,-1,1,0,0,1,-1,-1,0,1,-1,5
"380",0,0,-1,1,1,-1,1,-1,-1,0,1,-1,1
"381",0,0,-1,1,1,-1,1,0,-1,0,1,1,1
"382",0,0,-1,1,1,-1,1,0,0,0,1,1,7
"383",0,0,-1,1,1,-1,1,0,1,0,1,1,2
"384",0,0,-1,1,1,-1,1,1,1,0,0,0,1
"385",0,0,-1,1,1,0,0,0,-1,-1,1,-1,1
"386",0,0,-1,1,1,0,0,0,-1,-1,1,0,6
"390",0,0,-1,1,1,0,0,0,0,0,1,0,82
"391",0,0,-1,1,1,0,0,0,1,0,1,0,48
"392",0,0,-1,1,1,0,1,-1,-1,-1,1,0,15
"393",0,0,-1,1,1,0,1,-1,-1,0,1,-1,3
"394",0,0,-1,1,1,0,1,-1,0,0,1,-1,8
"395",0,0,-1,1,1,0,1,-1,1,0,1,0,1
"396",0,0,-1,1,1,1,1,-1,-1,-1,1,0,3
"397",0,0,0,1,-1,1,-1,-1,1,0,0,0,2
"399",0,0,0,1,0,1,1,-1,1,0,-1,0,5
"400",0,0,0,1,0,1,1,-1,1,0,0,0,51
"401",0,0,0,1,0,1,1,-1,1,1,0,0,4
"402",0,0,0,1,1,-1,1,1,-1,1,0,0,1
"403",0,0,0,1,1,1,1,-1,1,0,-1,0,4
"404",0,0,0,1,1,1,1,-1,1,0,0,0,5
"405",0,0,1,-1,-1,-1,-1,1,1,1,0,0,3
"406",0,0,1,-1,-1,-1,0,1,1,1,0,0,6
"407",0,0,1,-1,-1,-1,1,1,1,1,0,0,7
"408",0,0,1,-1,-1,0,0,1,1,0,0,-1,3
"410",0,0,1,-1,0,-1,-1,1,1,1,-1,0,1
"411",0,0,1,-1,0,-1,-1,1,1,1,0,0,4
"412",0,0,1,-1,0,-1,0,1,1,1,0,0,3
"413",0,0,1,-1,0,-1,1,1,1,1,0,0,4
"415",0,0,1,-1,0,0,0,1,1,0,0,0,80
"416",0,0,1,-1,0,0,0,1,1,0,1,0,1
"417",0,0,1,-1,0,0,1,1,1,0,0,0,13
"418",0,0,1,-1,0,1,0,1,1,0,0,0,1
"419",0,0,1,-1,1,0,-1,1,1,0,0,0,2
"421",0,0,1,-1,1,0,0,1,1,0,0,0,44
"422",0,0,1,0,1,-1,0,0,0,1,-1,0,1
"423",0,0,1,0,1,0,0,-1,0,1,-1,0,3
"427",0,0,1,0,1,0,0,0,0,1,-1,1,60
"428",0,0,1,0,1,0,0,0,1,1,-1,0,6
"429",0,0,1,0,1,0,1,0,0,1,-1,-1,2
"430",0,0,1,0,1,0,1,0,0,1,-1,0,6
"431",0,0,1,1,-1,1,-1,-1,1,-1,-1,1,1
"432",0,0,1,1,-1,1,-1,-1,1,-1,0,1,2
"433",0,0,1,1,0,-1,1,1,0,1,0,0,1
"434",0,0,1,1,0,1,-1,-1,1,-1,-1,1,4
"435",0,0,1,1,0,1,-1,-1,1,-1,0,1,9
"436",0,0,1,1,0,1,-1,-1,1,-1,1,1,2
"437",0,0,1,1,0,1,0,-1,1,-1,0,1,3
"438",0,0,1,1,0,1,1,-1,1,0,-1,0,6
"439",0,0,1,1,1,-1,1,1,-1,1,0,0,1
"440",0,0,1,1,1,1,-1,-1,1,-1,-1,1,1
"441",0,0,1,1,1,1,0,-1,1,-1,-1,1,1
"442",0,0,1,1,1,1,0,-1,1,-1,0,1,4
"443",0,0,1,1,1,1,1,-1,1,0,-1,0,2
"444",0,1,-1,-1,-1,0,-1,1,0,1,1,-1,1
"445",0,1,-1,-1,-1,0,0,1,-1,1,1,-1,1
"446",0,1,-1,-1,-1,0,0,1,0,1,1,-1,4
"447",0,1,-1,-1,-1,0,1,1,-1,1,0,-1,1
"448",0,1,-1,-1,-1,0,1,1,0,1,1,-1,2
"450",0,1,-1,-1,-1,1,-1,-1,1,1,-1,0,1
"451",0,1,-1,-1,-1,1,0,-1,-1,-1,1,1,1
"452",0,1,-1,-1,-1,1,0,1,0,1,1,-1,1
"453",0,1,-1,-1,0,1,-1,-1,1,1,-1,0,6
"454",0,1,-1,-1,1,-1,1,-1,-1,1,0,0,1
"455",0,1,-1,-1,1,-1,1,0,-1,1,-1,-1,1
"456",0,1,-1,-1,1,-1,1,0,-1,1,-1,0,2
"458",0,1,-1,-1,1,0,-1,0,-1,1,-1,0,1
"460",0,1,-1,-1,1,0,0,1,-1,1,-1,-1,2
"461",0,1,-1,-1,1,0,1,-1,-1,1,-1,0,3
"462",0,1,-1,-1,1,0,1,-1,-1,1,0,-1,2
"463",0,1,-1,-1,1,0,1,-1,-1,1,0,0,3
"464",0,1,-1,-1,1,0,1,1,-1,1,-1,-1,1
"465",0,1,-1,-1,1,1,0,-1,-1,1,-1,0,1
"466",0,1,-1,-1,1,1,0,0,-1,1,-1,-1,1
"467",0,1,-1,-1,1,1,0,0,-1,1,-1,0,3
"468",0,1,-1,-1,1,1,1,-1,-1,1,-1,-1,1
"470",0,1,-1,1,-1,0,0,1,-1,0,1,0,2
"471",0,1,-1,1,-1,0,0,1,-1,0,1,1,1
"472",0,1,-1,1,-1,0,0,1,0,0,1,0,1
"473",0,1,-1,1,-1,1,-1,-1,1,0,-1,1,3
"475",0,1,-1,1,0,0,1,-1,-1,-1,1,-1,3
"476",0,1,-1,1,0,0,1,-1,-1,0,1,-1,5
"477",0,1,-1,1,0,1,1,-1,-1,-1,1,-1,1
"478",0,1,-1,1,0,1,1,0,0,1,-1,-1,1
"479",0,1,-1,1,0,1,1,0,0,1,-1,0,2
"483",0,1,-1,1,1,-1,0,0,1,0,1,0,3
"484",0,1,-1,1,1,-1,1,-1,-1,1,1,-1,1
"485",0,1,-1,1,1,-1,1,-1,1,0,1,-1,1
"486",0,1,-1,1,1,-1,1,0,-1,0,1,1,1
"487",0,1,-1,1,1,-1,1,0,0,-1,1,0,6
"488",0,1,-1,1,1,-1,1,0,0,-1,1,1,2
"489",0,1,-1,1,1,-1,1,0,0,0,1,1,2
"490",0,1,-1,1,1,-1,1,0,1,-1,1,-1,2
"491",0,1,-1,1,1,-1,1,0,1,-1,1,0,3
"492",0,1,-1,1,1,-1,1,0,1,-1,1,1,2
"493",0,1,-1,1,1,-1,1,0,1,0,1,-1,3
"495",0,1,-1,1,1,0,0,0,-1,-1,1,0,2
"501",0,1,-1,1,1,0,0,0,1,0,1,0,23
"502",0,1,-1,1,1,0,0,1,-1,0,1,-1,2
"503",0,1,-1,1,1,0,0,1,1,0,1,-1,1
"504",0,1,-1,1,1,0,1,-1,-1,-1,1,0,2
"505",0,1,-1,1,1,0,1,-1,-1,0,1,-1,5
"506",0,1,-1,1,1,1,-1,-1,1,0,-1,1,3
"507",0,1,0,-1,-1,0,0,1,-1,1,1,-1,1
"508",0,1,0,-1,-1,0,0,1,0,1,1,-1,1
"509",0,1,0,-1,-1,0,1,1,-1,1,0,-1,3
"510",0,1,0,-1,-1,0,1,1,-1,1,1,-1,1
"511",0,1,1,-1,-1,-1,0,1,1,-1,0,0,1
"514",0,1,1,-1,0,-1,0,1,1,-1,0,-1,2
"515",0,1,1,-1,0,-1,0,1,1,-1,0,0,4
"516",0,1,1,-1,0,-1,0,1,1,0,0,0,9
"520",0,1,1,-1,0,0,1,1,1,0,0,0,1
"521",0,1,1,-1,0,1,0,1,1,0,0,0,4
"522",0,1,1,-1,0,1,0,1,1,0,0,1,1
"523",0,1,1,-1,0,1,0,1,1,0,1,0,1
"524",0,1,1,-1,1,-1,-1,1,1,-1,-1,1,1
"525",0,1,1,-1,1,-1,0,0,-1,0,1,0,1
"526",0,1,1,-1,1,0,-1,1,1,-1,-1,1,1
"527",0,1,1,-1,1,0,-1,1,1,0,0,0,7
"530",0,1,1,-1,1,0,0,0,-1,1,1,0,1
"531",0,1,1,-1,1,0,0,1,1,-1,0,0,5
"532",0,1,1,-1,1,0,0,1,1,0,0,0,21
"533",0,1,1,-1,1,0,1,1,1,0,0,0,4
"534",0,1,1,-1,1,1,0,1,1,0,0,0,2
"535",0,1,1,0,1,0,0,0,-1,1,-1,-1,1
"536",0,1,1,0,1,0,0,0,0,1,-1,-1,2
"538",0,1,1,0,1,0,1,0,0,1,-1,-1,1
"539",0,1,1,1,0,1,-1,-1,1,-1,0,1,1
"540",1,-1,-1,0,-1,-1,1,1,1,1,0,-1,1
"541",1,-1,-1,0,-1,-1,1,1,1,1,0,0,1
"542",1,-1,-1,0,0,-1,1,-1,-1,-1,1,1,1
"543",1,-1,-1,0,0,-1,1,1,1,1,0,-1,2
"544",1,-1,-1,0,0,-1,1,1,1,1,0,0,1
"545",1,-1,-1,0,1,-1,1,1,1,1,-1,0,1
"546",1,-1,-1,1,-1,0,1,1,1,-1,-1,1,1
"547",1,-1,-1,1,0,-1,1,-1,-1,1,1,-1,1
"548",1,-1,-1,1,1,-1,1,-1,1,1,1,0,2
"549",1,-1,-1,1,1,-1,1,0,0,0,1,1,1
"550",1,-1,-1,1,1,0,1,-1,1,1,1,0,2
"551",1,-1,0,0,-1,-1,0,1,-1,1,0,1,1
"552",1,-1,0,0,-1,-1,1,1,1,1,0,0,4
"553",1,-1,0,0,-1,0,0,1,0,-1,-1,1,3
"555",1,-1,0,0,0,-1,0,1,-1,1,0,1,3
"556",1,-1,0,0,0,-1,0,1,0,1,0,0,3
"557",1,-1,0,0,0,-1,0,1,1,1,0,0,2
"558",1,-1,0,0,0,-1,1,-1,-1,-1,1,-1,2
"559",1,-1,0,0,0,-1,1,-1,-1,0,1,-1,3
"560",1,-1,0,0,0,-1,1,1,0,1,0,0,4
"561",1,-1,0,0,0,-1,1,1,1,1,0,-1,1
"562",1,-1,0,0,0,-1,1,1,1,1,0,0,3
"563",1,-1,0,0,0,1,-1,0,0,-1,1,1,2
"564",1,-1,0,0,1,-1,0,1,-1,1,0,0,1
"565",1,-1,0,1,0,-1,1,-1,-1,0,1,-1,4
"566",1,-1,0,1,0,-1,1,-1,-1,1,1,-1,1
"567",1,-1,0,1,0,1,1,-1,1,0,-1,0,4
"569",1,-1,0,1,1,1,0,-1,1,0,0,0,2
"570",1,-1,0,1,1,1,1,-1,1,0,0,0,1
"571",1,-1,1,-1,-1,1,-1,1,1,-1,0,0,2
"572",1,-1,1,-1,0,-1,1,-1,-1,0,1,-1,1
"573",1,-1,1,-1,0,1,-1,1,1,-1,0,0,2
"574",1,-1,1,-1,1,0,0,0,0,1,-1,1,1
"575",1,-1,1,0,-1,1,-1,-1,-1,-1,1,0,1
"576",1,-1,1,0,-1,1,-1,-1,0,-1,1,0,1
"577",1,-1,1,0,-1,1,0,-1,-1,-1,1,0,2
"578",1,-1,1,0,-1,1,0,-1,1,-1,1,0,1
"579",1,-1,1,0,-1,1,0,-1,1,-1,1,1,1
"580",1,-1,1,0,-1,1,1,-1,-1,-1,1,1,1
"581",1,-1,1,0,0,-1,1,-1,-1,0,1,-1,4
"582",1,-1,1,0,0,1,-1,-1,-1,-1,1,0,1
"583",1,-1,1,0,0,1,0,-1,-1,-1,1,0,2
"584",1,-1,1,0,0,1,0,-1,-1,-1,1,1,1
"585",1,-1,1,0,0,1,0,-1,0,-1,1,0,1
"586",1,-1,1,0,0,1,0,-1,0,-1,1,1,12
"587",1,-1,1,0,0,1,0,-1,1,-1,1,0,1
"588",1,-1,1,0,0,1,0,-1,1,-1,1,1,1
"589",1,-1,1,0,0,1,1,-1,-1,-1,1,1,2
"590",1,-1,1,0,0,1,1,-1,0,-1,1,1,1
"591",1,-1,1,0,0,1,1,-1,1,-1,1,1,2
"592",1,-1,1,0,1,0,-1,1,1,-1,-1,1,1
"595",1,-1,1,0,1,0,1,0,-1,1,-1,1,1
"596",1,-1,1,0,1,1,-1,-1,-1,-1,1,0,1
"597",1,-1,1,0,1,1,-1,1,1,-1,-1,1,2
"598",1,-1,1,0,1,1,0,-1,-1,-1,1,0,1
"599",1,-1,1,1,-1,1,-1,0,1,-1,1,1,2
"600",1,-1,1,1,0,-1,1,-1,-1,0,1,-1,1
"601",1,-1,1,1,0,1,0,-1,1,0,0,0,1
"602",1,-1,1,1,1,0,0,0,0,1,-1,1,2
"603",1,-1,1,1,1,0,0,0,1,1,-1,0,1
"604",1,0,-1,-1,-1,-1,1,-1,-1,-1,1,1,1
"605",1,0,-1,-1,0,-1,1,-1,-1,-1,1,1,1
"607",1,0,-1,0,-1,-1,1,-1,-1,-1,1,1,2
"608",1,0,-1,0,-1,-1,1,1,-1,1,-1,1,1
"610",1,0,-1,0,-1,0,1,1,0,-1,-1,1,1
"612",1,0,-1,0,0,-1,1,-1,-1,-1,1,1,6
"613",1,0,-1,0,0,-1,1,1,-1,1,-1,1,1
"614",1,0,-1,0,0,-1,1,1,0,1,-1,1,8
"615",1,0,-1,0,0,-1,1,1,1,0,-1,1,4
"616",1,0,-1,0,1,-1,1,-1,-1,-1,1,0,3
"617",1,0,-1,0,1,-1,1,-1,-1,-1,1,1,2
"618",1,0,-1,0,1,-1,1,1,1,1,0,0,1
"621",1,0,-1,1,-1,0,1,1,1,-1,-1,1,2
"622",1,0,-1,1,-1,1,1,1,1,-1,-1,1,1
"623",1,0,-1,1,0,-1,0,1,1,0,0,0,1
"625",1,0,-1,1,0,-1,1,-1,-1,-1,1,1,2
"626",1,0,-1,1,0,0,-1,1,1,-1,-1,1,6
"627",1,0,-1,1,0,0,1,-1,-1,0,1,-1,2
"628",1,0,-1,1,0,1,1,-1,1,0,0,0,5
"629",1,0,-1,1,1,-1,0,1,1,0,0,0,2
"632",1,0,-1,1,1,0,1,-1,-1,0,1,-1,1
"634",1,0,0,-1,0,-1,1,1,1,1,0,0,1
"639",1,0,0,0,-1,-1,0,1,1,1,0,0,1
"640",1,0,0,0,-1,-1,1,1,1,0,-1,1,1
"641",1,0,0,0,-1,-1,1,1,1,1,-1,0,1
"644",1,0,0,0,-1,0,1,1,0,-1,-1,1,2
"645",1,0,0,0,-1,0,1,1,1,-1,-1,1,1
"647",1,0,0,0,-1,1,-1,1,0,-1,1,1,1
"662",1,0,0,0,0,-1,1,1,1,0,-1,1,1
"672",1,0,0,0,0,1,0,-1,-1,-1,1,1,1
"682",1,0,0,0,1,1,-1,0,-1,-1,1,1,1
"688",1,0,0,0,1,1,1,-1,-1,1,0,1,1
"689",1,0,0,1,-1,0,-1,1,1,-1,-1,1,1
"691",1,0,0,1,-1,0,0,1,1,-1,-1,1,6
"693",1,0,0,1,-1,1,0,1,1,-1,-1,1,2
"694",1,0,0,1,-1,1,1,-1,-1,-1,1,0,1
"696",1,0,0,1,-1,1,1,-1,0,-1,1,1,2
"697",1,0,0,1,-1,1,1,-1,1,-1,1,-1,1
"698",1,0,0,1,-1,1,1,1,1,-1,-1,1,1
"699",1,0,0,1,0,-1,1,1,-1,1,-1,0,1
"702",1,0,0,1,0,1,0,-1,1,0,-1,1,3
"705",1,0,0,1,0,1,0,-1,1,0,0,1,1
"706",1,0,0,1,0,1,0,0,-1,-1,1,1,1
"707",1,0,0,1,0,1,0,0,0,-1,1,1,9
"709",1,0,0,1,0,1,1,-1,0,-1,1,1,2
"712",1,0,0,1,0,1,1,-1,1,1,-1,-1,1
"713",1,0,0,1,0,1,1,-1,1,1,-1,0,3
"714",1,0,0,1,1,1,0,-1,1,0,0,0,1
"715",1,0,0,1,1,1,0,-1,1,0,0,1,1
"716",1,0,0,1,1,1,0,0,0,-1,1,1,2
"717",1,0,0,1,1,1,1,-1,1,0,0,0,2
"718",1,0,0,1,1,1,1,-1,1,1,-1,-1,4
"719",1,0,0,1,1,1,1,-1,1,1,-1,0,3
"720",1,0,1,-1,-1,0,0,1,0,-1,-1,1,3
"721",1,0,1,-1,-1,1,0,1,0,-1,-1,1,1
"723",1,0,1,-1,0,1,0,1,1,0,0,0,1
"725",1,0,1,0,-1,0,0,1,0,-1,-1,1,13
"726",1,0,1,0,1,0,-1,0,1,1,-1,1,1
"727",1,0,1,0,1,0,0,-1,0,1,-1,0,1
"731",1,0,1,0,1,0,0,0,1,1,-1,0,1
"732",1,0,1,0,1,0,0,0,1,1,-1,1,4
"733",1,0,1,0,1,0,0,1,-1,1,-1,1,1
"734",1,0,1,1,-1,0,0,1,0,-1,-1,1,1
"735",1,0,1,1,-1,1,-1,-1,1,-1,-1,1,1
"736",1,0,1,1,-1,1,0,-1,1,-1,-1,1,1
"737",1,0,1,1,-1,1,0,-1,1,0,-1,1,6
"738",1,0,1,1,-1,1,1,1,1,-1,-1,1,1
"740",1,0,1,1,0,1,0,-1,1,0,-1,1,1
"742",1,0,1,1,1,0,0,0,1,1,-1,1,1
"743",1,1,-1,-1,-1,0,0,1,-1,1,1,-1,1
"744",1,1,-1,-1,-1,0,1,1,-1,1,1,-1,3
"745",1,1,-1,-1,-1,1,-1,0,-1,-1,1,1,1
"746",1,1,-1,-1,-1,1,-1,0,1,-1,0,0,1
"747",1,1,-1,-1,-1,1,-1,0,1,-1,0,1,4
"748",1,1,-1,-1,-1,1,-1,1,1,-1,0,0,1
"749",1,1,-1,-1,-1,1,-1,1,1,-1,0,1,2
"750",1,1,-1,-1,-1,1,-1,1,1,0,0,0,2
"751",1,1,-1,-1,-1,1,0,-1,-1,-1,1,1,1
"752",1,1,-1,-1,-1,1,0,-1,1,-1,1,1,1
"753",1,1,-1,-1,-1,1,0,-1,1,0,1,1,1
"755",1,1,-1,-1,-1,1,0,1,-1,1,1,-1,1
"756",1,1,-1,-1,-1,1,0,1,1,-1,0,1,3
"757",1,1,-1,-1,-1,1,1,-1,-1,-1,1,0,1
"758",1,1,-1,-1,-1,1,1,0,-1,1,0,0,1
"759",1,1,-1,-1,-1,1,1,0,-1,1,1,0,1
"760",1,1,-1,-1,-1,1,1,0,0,1,0,-1,1
"761",1,1,-1,-1,-1,1,1,0,0,1,0,0,2
"763",1,1,-1,-1,-1,1,1,0,1,1,0,0,1
"764",1,1,-1,-1,0,1,-1,-1,1,1,-1,0,1
"765",1,1,-1,-1,0,1,-1,0,-1,-1,1,0,2
"766",1,1,-1,-1,0,1,-1,0,-1,-1,1,1,4
"767",1,1,-1,-1,0,1,-1,1,-1,-1,1,-1,2
"768",1,1,-1,-1,0,1,-1,1,0,-1,1,-1,2
"769",1,1,-1,-1,0,1,-1,1,1,-1,1,-1,1
"770",1,1,-1,-1,0,1,0,-1,-1,-1,1,0,2
"771",1,1,-1,-1,0,1,0,-1,-1,-1,1,1,1
"772",1,1,-1,-1,1,-1,0,-1,-1,1,-1,-1,1
"773",1,1,-1,-1,1,-1,0,-1,-1,1,-1,0,2
"774",1,1,-1,-1,1,-1,0,0,-1,1,-1,-1,1
"775",1,1,-1,-1,1,-1,1,-1,-1,1,-1,0,2
"776",1,1,-1,-1,1,-1,1,0,-1,1,-1,0,1
"777",1,1,-1,-1,1,-1,1,1,-1,1,-1,0,1
"778",1,1,-1,-1,1,1,-1,0,-1,-1,1,0,1
"780",1,1,-1,-1,1,1,-1,1,0,-1,1,-1,1
"781",1,1,-1,-1,1,1,-1,1,1,-1,1,-1,1
"782",1,1,-1,-1,1,1,0,-1,-1,-1,1,1,1
"783",1,1,-1,-1,1,1,0,0,0,-1,1,1,1
"784",1,1,-1,-1,1,1,0,1,1,-1,1,1,1
"785",1,1,-1,-1,1,1,1,0,0,-1,1,0,3
"786",1,1,-1,-1,1,1,1,1,0,-1,1,0,1
"787",1,1,-1,0,-1,-1,1,1,1,1,1,-1,1
"788",1,1,-1,0,-1,1,-1,1,1,0,0,-1,4
"789",1,1,-1,0,-1,1,-1,1,1,0,0,0,6
"790",1,1,-1,0,-1,1,0,0,1,-1,1,1,8
"792",1,1,-1,0,0,-1,1,1,1,1,1,-1,1
"793",1,1,-1,0,0,1,0,0,0,-1,1,1,4
"794",1,1,-1,0,0,1,0,0,1,-1,1,1,4
"795",1,1,-1,0,1,-1,1,1,1,1,-1,-1,3
"796",1,1,-1,0,1,-1,1,1,1,1,0,-1,2
"797",1,1,-1,0,1,1,-1,-1,1,-1,1,1,2
"798",1,1,-1,0,1,1,-1,0,-1,-1,1,1,1
"799",1,1,-1,0,1,1,-1,0,0,-1,1,1,1
"800",1,1,-1,0,1,1,-1,0,1,-1,1,1,4
"801",1,1,-1,0,1,1,-1,1,1,-1,1,-1,2
"802",1,1,-1,0,1,1,0,0,-1,-1,1,1,2
"803",1,1,-1,0,1,1,0,0,0,-1,1,1,8
"804",1,1,-1,0,1,1,0,0,1,-1,1,1,1
"805",1,1,-1,0,1,1,1,0,0,-1,1,0,13
"806",1,1,-1,1,-1,1,1,-1,-1,-1,1,-1,1
"807",1,1,-1,1,0,1,-1,1,0,-1,1,-1,3
"808",1,1,-1,1,0,1,-1,1,1,-1,1,-1,1
"809",1,1,-1,1,0,1,-1,1,1,0,0,0,6
"810",1,1,-1,1,1,-1,0,0,-1,0,1,-1,1
"811",1,1,-1,1,1,-1,1,-1,-1,0,1,0,1
"812",1,1,-1,1,1,-1,1,-1,1,0,1,-1,2
"815",1,1,-1,1,1,-1,1,1,1,0,1,-1,1
"816",1,1,-1,1,1,0,0,0,-1,-1,1,-1,1
"818",1,1,-1,1,1,0,0,0,0,1,1,-1,2
"819",1,1,-1,1,1,0,1,-1,-1,0,1,-1,1
"821",1,1,-1,1,1,0,1,-1,-1,0,1,1,1
"822",1,1,-1,1,1,0,1,-1,0,0,1,-1,1
"825",1,1,-1,1,1,1,-1,1,0,-1,1,-1,1
"826",1,1,-1,1,1,1,0,0,0,-1,1,1,2
"827",1,1,-1,1,1,1,1,0,0,-1,1,0,1
"829",1,1,0,-1,-1,0,0,1,-1,1,1,-1,2
"831",1,1,0,-1,-1,1,-1,1,1,-1,1,-1,1
"832",1,1,0,-1,-1,1,1,0,-1,1,-1,-1,1
"833",1,1,0,-1,-1,1,1,0,-1,1,0,-1,1
"834",1,1,0,-1,-1,1,1,0,-1,1,0,0,8
"835",1,1,0,-1,-1,1,1,0,-1,1,1,0,1
"836",1,1,0,-1,-1,1,1,0,0,1,-1,0,2
"837",1,1,0,-1,-1,1,1,0,0,1,0,0,4
"838",1,1,0,-1,-1,1,1,0,0,1,1,0,1
"839",1,1,0,-1,-1,1,1,0,1,1,1,0,3
"840",1,1,0,-1,1,1,-1,1,0,-1,1,-1,3
"841",1,1,0,-1,1,1,-1,1,1,-1,1,-1,1
"842",1,1,0,-1,1,1,0,-1,-1,-1,1,1,1
"844",1,1,0,1,-1,1,0,-1,1,0,-1,1,1
"845",1,1,0,1,0,1,0,-1,1,0,0,0,1
"846",1,1,0,1,1,1,1,-1,1,0,0,0,1
"847",1,1,1,-1,-1,-1,0,1,1,0,0,0,1
"850",1,1,1,-1,-1,0,-1,1,1,-1,-1,1,1
"853",1,1,1,-1,-1,1,-1,1,-1,-1,1,0,2
"854",1,1,1,-1,-1,1,-1,1,0,-1,1,0,1
"855",1,1,1,-1,-1,1,1,0,0,1,0,0,1
"856",1,1,1,-1,-1,1,1,0,0,1,1,0,1
"857",1,1,1,-1,0,-1,-1,1,1,-1,-1,1,1
"858",1,1,1,-1,0,-1,0,1,1,-1,0,0,8
"859",1,1,1,-1,0,-1,1,1,1,-1,0,0,1
"860",1,1,1,-1,0,-1,1,1,1,0,0,0,3
"861",1,1,1,-1,0,0,-1,1,1,-1,-1,1,3
"864",1,1,1,-1,1,-1,0,1,1,0,0,0,1
"865",1,1,1,-1,1,-1,1,0,1,0,0,0,1
"866",1,1,1,-1,1,0,-1,1,1,-1,-1,1,3
"868",1,1,1,-1,1,0,0,0,0,1,-1,0,2
"869",1,1,1,-1,1,0,0,0,0,1,-1,1,1
"871",1,1,1,-1,1,0,1,1,1,-1,0,0,1
"872",1,1,1,0,1,0,0,0,0,1,-1,0,5
"874",1,1,1,0,1,0,0,0,1,1,-1,0,1
"875",1,1,1,0,1,0,0,1,0,1,-1,1,1
"876",1,1,1,1,-1,1,-1,-1,1,1,-1,0,1
"877",1,1,1,1,-1,1,-1,-1,1,1,-1,1,1
"878",1,1,1,1,-1,1,0,-1,1,0,-1,1,2
"879",1,1,1,1,-1,1,0,-1,1,1,-1,-1,1
"880",1,1,1,1,-1,1,0,-1,1,1,-1,0,2
"881",1,1,1,1,0,1,0,-1,1,0,-1,1,1
